Method,Time_per_Sample_sec
SHAP,0.44772971868515016
LIME,1.3096715450286864
