Method,Time_sec
SHAP (100 samples),43.348352909088135
LIME (1 sample),1.2228281497955322
