Feature_Index,Mean_Absolute_SHAP
0,0.030503404301362638
1,0.0003209582118869042
2,0.003158296271944557
3,0.0
4,0.032693715203191615
5,0.0
6,0.13038992358542434
7,0.32224365188340975
8,0.6744811431530904
9,0.001234405937042721
10,0.0
11,0.0
12,0.0
13,0.12246431164094349
14,0.0
15,0.0
16,0.0
17,0.0
18,0.12494008036160373
19,0.41814162044540637
20,0.2494782708983832
21,0.10533478059761175
22,0.18050998225014164
23,0.7565653569846114
24,0.6021039712345071
25,0.7009914686922906
26,0.25067085938700856
27,0.3544829911507296
28,0.6713318522076058
29,0.8588730204892453
30,0.5727562863310518
31,0.3243654967714093
32,0.4439742625056389
33,0.0860339694574867
34,0.22470470217723806
35,0.1534742374494736
36,0.6703516296210514
37,0.6167210261301048
38,0.0658729837932624
39,0.16662601561306506
40,0.07222978739998072
41,0.0
42,0.0
43,0.0
44,0.0
45,0.0
46,0.0
47,0.02604648588962154
48,0.006931539620179684
49,0.0
50,0.0
51,0.02285187888788059
52,0.0
53,0.06003963729650133
54,0.0
55,0.0352752047772985
56,0.03238848588506225
57,0.0
58,0.0
59,0.009817994962213562
60,0.029088751678704262
61,0.09624409139850179
62,0.0
63,0.0
64,0.0
65,0.5110604662733619
66,0.0
67,0.0
68,0.0
69,0.04609326360470147
70,0.0119748216454871
71,0.0
72,0.0
73,0.03591095205873715
74,0.0
75,0.0
76,0.02450833083203761
77,0.0
78,0.0
79,0.0
80,0.0
81,0.0
82,0.0
83,0.0
84,0.0
85,0.02657356881557498
86,0.0
87,0.0
88,0.04975316894624265
89,0.0
90,0.3629336099325214
91,0.0
92,0.0
93,0.0
94,0.0
95,0.09298107440425081
96,0.0
97,0.0
98,0.0
99,0.0
100,0.02375894432255882
101,0.29972291697296893
102,0.0
103,0.0
104,0.0
105,0.0
106,0.0
107,0.008326769363041968
108,0.0
109,0.0
110,0.0
111,0.0
112,0.1837940961568121
113,0.14520250050483743
114,0.0
115,0.018162561042001472
116,0.11937520610358916
117,0.0
118,0.0
119,0.0
120,0.21234464349252227
121,0.001586573311657412
